FileName,GPSAltitude,GPSAltitudeRef,GPSCoordinates,GPSDateStamp,GPSDateTime,GPSDestBearing,GPSDestBearingRef,GPSDOP,GPSHPositioningError,GPSImgDirection,GPSImgDirectionRef,GPSLatitude,GPSLatitudeRef,GPSLongitude,GPSLongitudeRef,GPSPosition,GPS_Lat_Deg,GPS_Lat_Min,GPS_Lat_Sec,latitude,GPS_Lon_Deg,GPS_Lon_Min,GPS_Lon_Sec,longitude
20190321_160711_IMG_JW.jpg,0 m Above Sea Level,Below Sea Level,,2019:03:21,2019:03:21 23:07:07Z,,,1000,,,,"37 deg 22' 25.48"" N",North,"121 deg 56' 4.88"" W",West,"37 deg 22' 25.48"" N, 121 deg 56' 4.88"" W",37,22,25.48,37.37374444,121,56,4.88,-120.0653111
20190321_165504_SW.JPG,,,,2019:03:21,2019:03:21 23:55:03Z,55.64762116,True North,,5.576979332 m,55.64762116,True North,"37 deg 21' 56.73"" N",North,"121 deg 55' 31.58"" W",West,"37 deg 21' 56.73"" N, 121 deg 55' 31.58"" W",37,21,56.73,37.36575833,121,55,31.58,-120.0745611
20190321_165504_SW.MOV,,,"37 deg 21' 56.88"" N, 121 deg 55' 31.44"" W",,,,,,,,,"37 deg 21' 56.88"" N",,"121 deg 55' 31.44"" W",,"37 deg 21' 56.88"" N, 121 deg 55' 31.44"" W",37,21,56.88,37.3658,121,55,31.44,-120.0746
20190321_171815_SW.JPG,,,,2019:03:22,2019:03:22 00:18:14Z,236.9608917,True North,,5.463164905 m,236.9608917,True North,"37 deg 21' 56.53"" N",North,"121 deg 55' 31.36"" W",West,"37 deg 21' 56.53"" N, 121 deg 55' 31.36"" W",37,21,56.53,37.36570278,121,55,31.36,-120.0746222
20190321_171815_SW.MOV,,,"37 deg 21' 56.52"" N, 121 deg 55' 31.44"" W",,,,,,,,,"37 deg 21' 56.52"" N",,"121 deg 55' 31.44"" W",,"37 deg 21' 56.52"" N, 121 deg 55' 31.44"" W",37,21,56.52,37.3657,121,55,31.44,-120.0746
20190321_183833_IMG_JW.jpg,0 m Above Sea Level,Below Sea Level,,2019:03:22,2019:03:22 01:11:27Z,,,899.999,,,,"37 deg 21' 46.64"" N",North,"121 deg 55' 21.35"" W",West,"37 deg 21' 46.64"" N, 121 deg 55' 21.35"" W",37,21,46.64,37.36295556,121,55,21.35,-120.0774028
20190321_212948_SW.jpeg,205.8 m Above Sea Level,Above Sea Level,,,,235.9575805,True North,,65 m,235.9575805,True North,"33 deg 36' 10.51"" N",North,"117 deg 49' 37.79"" W",West,"33 deg 36' 10.51"" N, 117 deg 49' 37.79"" W",33,36,10.51,33.60291944,117,49,37.79,-116.1728361
20190321_212948_SW.MOV,205.834 m,Above Sea Level,"33 deg 36' 10.44"" N, 117 deg 49' 37.92"" W, 205.834 m Above Sea Level",,,,,,,,,"33 deg 36' 10.44"" N",,"117 deg 49' 37.92"" W",,"33 deg 36' 10.44"" N, 117 deg 49' 37.92"" W",33,36,10.44,33.6029,117,49,37.92,-116.1728
20190322_093952_SW.JPG,206.1 m Above Sea Level,Above Sea Level,,2019:03:22,2019:03:22 16:39:49Z,261.2864992,True North,,65 m,261.2864992,True North,"33 deg 36' 10.60"" N",North,"117 deg 49' 37.84"" W",West,"33 deg 36' 10.60"" N, 117 deg 49' 37.84"" W",33,36,10.6,33.60294444,117,49,37.84,-116.1728222
20190322_093952_SW.MOV,206.141 m,Above Sea Level,"33 deg 36' 10.44"" N, 117 deg 49' 37.92"" W, 206.141 m Above Sea Level",,,,,,,,,"33 deg 36' 10.44"" N",,"117 deg 49' 37.92"" W",,"33 deg 36' 10.44"" N, 117 deg 49' 37.92"" W",33,36,10.44,33.6029,117,49,37.92,-116.1728
20190322_100158_GH011243.mp4,,,"33 deg 34' 27.12"" N, 117 deg 50' 25.44"" W",,,,,,,,,"33 deg 34' 27.12"" N",,"117 deg 50' 25.44"" W",,"33 deg 34' 27.12"" N, 117 deg 50' 25.44"" W",33,34,27.12,33.5742,117,50,25.44,-116.1596
20190322_100306_GH011244.mp4,,,"33 deg 34' 27.12"" N, 117 deg 50' 25.44"" W",,,,,,,,,"33 deg 34' 27.12"" N",,"117 deg 50' 25.44"" W",,"33 deg 34' 27.12"" N, 117 deg 50' 25.44"" W",33,34,27.12,33.5742,117,50,25.44,-116.1596
20190322_100336_GH011245.mp4,,,"33 deg 34' 27.48"" N, 117 deg 50' 25.08"" W",,,,,,,,,"33 deg 34' 27.48"" N",,"117 deg 50' 25.08"" W",,"33 deg 34' 27.48"" N, 117 deg 50' 25.08"" W",33,34,27.48,33.5743,117,50,25.08,-116.1597
20190322_100712 GOPR1246.JPG,32.7 m Below Sea Level,Below Sea Level,,2019:03:22,2019:03:22 17:07:12Z,,,,,,,"33 deg 34' 27.19"" N",North,"117 deg 50' 25.49"" W",West,"33 deg 34' 27.19"" N, 117 deg 50' 25.49"" W",33,34,27.19,33.57421944,117,50,25.49,-116.1595861
20190322_100712_SW.JPG,32.7 m Below Sea Level,Below Sea Level,,2019:03:22,2019:03:22 17:07:12Z,,,,,,,"33 deg 34' 27.19"" N",North,"117 deg 50' 25.49"" W",West,"33 deg 34' 27.19"" N, 117 deg 50' 25.49"" W",33,34,27.19,33.57421944,117,50,25.49,-116.1595861
20190322_102016 GOPR1247.JPG,31.1 m Below Sea Level,Below Sea Level,,2019:03:22,2019:03:22 17:20:16Z,,,,,,,"33 deg 34' 27.40"" N",North,"117 deg 50' 25.42"" W",West,"33 deg 34' 27.40"" N, 117 deg 50' 25.42"" W",33,34,27.4,33.57427778,117,50,25.42,-116.1596056
20190322_102026 GOPR1248.JPG,32.2 m Below Sea Level,Below Sea Level,,2019:03:22,2019:03:22 17:20:26Z,,,,,,,"33 deg 34' 27.41"" N",North,"117 deg 50' 25.44"" W",West,"33 deg 34' 27.41"" N, 117 deg 50' 25.44"" W",33,34,27.41,33.57428056,117,50,25.44,-116.1596
20190322_110033 G0011249.JPG,31.5 m Below Sea Level,Below Sea Level,,2019:03:22,2019:03:22 18:00:32Z,,,,,,,"33 deg 34' 27.51"" N",North,"117 deg 50' 25.45"" W",West,"33 deg 34' 27.51"" N, 117 deg 50' 25.45"" W",33,34,27.51,33.57430833,117,50,25.45,-116.1595972
20190322_110707 GOPR1269.JPG,33.1 m Below Sea Level,Below Sea Level,,2019:03:22,2019:03:22 18:07:07Z,,,,,,,"33 deg 34' 28.61"" N",North,"117 deg 50' 24.82"" W",West,"33 deg 34' 28.61"" N, 117 deg 50' 24.82"" W",33,34,28.61,33.57461389,117,50,24.82,-116.1597722
20190322_110714 GOPR1270.JPG,33.7 m Below Sea Level,Below Sea Level,,2019:03:22,2019:03:22 18:07:14Z,,,,,,,"33 deg 34' 28.68"" N",North,"117 deg 50' 24.91"" W",West,"33 deg 34' 28.68"" N, 117 deg 50' 24.91"" W",33,34,28.68,33.57463333,117,50,24.91,-116.1597472
20190322_110718 GOPR1271.JPG,33.5 m Below Sea Level,Below Sea Level,,2019:03:22,2019:03:22 18:07:18Z,,,,,,,"33 deg 34' 28.71"" N",North,"117 deg 50' 24.94"" W",West,"33 deg 34' 28.71"" N, 117 deg 50' 24.94"" W",33,34,28.71,33.57464167,117,50,24.94,-116.1597389
20190322_111330_MVIMG_JW.jpg,0 m Above Sea Level,Below Sea Level,,2019:03:22,2019:03:22 18:13:26Z,,,22.313,,,,"33 deg 34' 29.60"" N",North,"117 deg 50' 24.83"" W",West,"33 deg 34' 29.60"" N, 117 deg 50' 24.83"" W",33,34,29.6,33.57488889,117,50,24.83,-116.1597694
20190322_111626_IMG_JW.jpg,26.4 m Below Sea Level,Below Sea Level,,2019:03:22,2019:03:22 18:16:17Z,,,16.079,,,,"33 deg 34' 30.97"" N",North,"117 deg 50' 26.23"" W",West,"33 deg 34' 30.97"" N, 117 deg 50' 26.23"" W",33,34,30.97,33.57526944,117,50,26.23,-116.1593806
20190322_111651_IMG_JW.jpg,0 m Above Sea Level,Below Sea Level,,2019:03:22,2019:03:22 18:16:52Z,,,16.454,,,,"33 deg 34' 30.16"" N",North,"117 deg 50' 25.26"" W",West,"33 deg 34' 30.16"" N, 117 deg 50' 25.26"" W",33,34,30.16,33.57504444,117,50,25.26,-116.15965
20190322_111725_IMG_JW.jpg,0 m Above Sea Level,Below Sea Level,,2019:03:22,2019:03:22 18:17:23Z,,,24.533,,,,"33 deg 34' 30.09"" N",North,"117 deg 50' 24.77"" W",West,"33 deg 34' 30.09"" N, 117 deg 50' 24.77"" W",33,34,30.09,33.575025,117,50,24.77,-116.1597861
20190322_111725_SW.jpg,0 m Above Sea Level,Below Sea Level,,2019:03:22,2019:03:22 18:17:23Z,,,24.533,,,,"33 deg 34' 30.09"" N",North,"117 deg 50' 24.77"" W",West,"33 deg 34' 30.09"" N, 117 deg 50' 24.77"" W",33,34,30.09,33.575025,117,50,24.77,-116.1597861
20190322_111728_IMG_JW.jpg,0 m Above Sea Level,Below Sea Level,,2019:03:22,2019:03:22 18:17:23Z,,,24.533,,,,"33 deg 34' 30.09"" N",North,"117 deg 50' 24.77"" W",West,"33 deg 34' 30.09"" N, 117 deg 50' 24.77"" W",33,34,30.09,33.575025,117,50,24.77,-116.1597861
20190322_114847_SW.JPG,207.3 m Above Sea Level,Above Sea Level,,2019:03:22,2019:03:22 18:48:45Z,120.1214675,True North,,65 m,120.1214675,True North,"33 deg 36' 10.18"" N",North,"117 deg 49' 37.54"" W",West,"33 deg 36' 10.18"" N, 117 deg 49' 37.54"" W",33,36,10.18,33.60282778,117,49,37.54,-116.1729056
20190322_114847_SW.MOV,207.323 m,Above Sea Level,"33 deg 36' 10.08"" N, 117 deg 49' 37.56"" W, 207.323 m Above Sea Level",,,,,,,,,"33 deg 36' 10.08"" N",,"117 deg 49' 37.56"" W",,"33 deg 36' 10.08"" N, 117 deg 49' 37.56"" W",33,36,10.08,33.6028,117,49,37.56,-116.1729
20190322_160434 GOPR1272.JPG,34.5 m Below Sea Level,Below Sea Level,,2019:03:22,2019:03:22 23:04:34Z,,,,,,,"33 deg 32' 29.13"" N",North,"117 deg 47' 1.54"" W",West,"33 deg 32' 29.13"" N, 117 deg 47' 1.54"" W",33,32,29.13,33.541425,117,47,1.54,-116.2162389
20190322_160454_GH011273.mp4,,,"33 deg 32' 29.04"" N, 117 deg 47' 1.68"" W",,,,,,,,,"33 deg 32' 29.04"" N",,"117 deg 47' 1.68"" W",,"33 deg 32' 29.04"" N, 117 deg 47' 1.68"" W",33,32,29.04,33.5414,117,47,1.68,-116.2162
20190322_160938 GOPR1274.JPG,30.6 m Below Sea Level,Below Sea Level,,2019:03:22,2019:03:22 23:09:38Z,,,,,,,"33 deg 32' 28.71"" N",North,"117 deg 47' 1.55"" W",West,"33 deg 32' 28.71"" N, 117 deg 47' 1.55"" W",33,32,28.71,33.54130833,117,47,1.55,-116.2162361
20190322_161056_GH011275.mp4,,,"33 deg 32' 28.68"" N, 117 deg 47' 1.68"" W",,,,,,,,,"33 deg 32' 28.68"" N",,"117 deg 47' 1.68"" W",,"33 deg 32' 28.68"" N, 117 deg 47' 1.68"" W",33,32,28.68,33.5413,117,47,1.68,-116.2162
20190322_161158 GOPR1276.JPG,30.9 m Below Sea Level,Below Sea Level,,2019:03:22,2019:03:22 23:11:58Z,,,,,,,"33 deg 32' 28.83"" N",North,"117 deg 47' 1.56"" W",West,"33 deg 32' 28.83"" N, 117 deg 47' 1.56"" W",33,32,28.83,33.54134167,117,47,1.56,-116.2162333
20190322_161258 GOPR1277.JPG,31 m Below Sea Level,Below Sea Level,,2019:03:22,2019:03:22 23:12:58Z,,,,,,,"33 deg 32' 28.83"" N",North,"117 deg 47' 1.58"" W",West,"33 deg 32' 28.83"" N, 117 deg 47' 1.58"" W",33,32,28.83,33.54134167,117,47,1.58,-116.2162278
20190322_161600 GOPR1278.JPG,28.9 m Below Sea Level,Below Sea Level,,2019:03:22,2019:03:22 23:16:00Z,,,,,,,"33 deg 32' 28.77"" N",North,"117 deg 47' 1.56"" W",West,"33 deg 32' 28.77"" N, 117 deg 47' 1.56"" W",33,32,28.77,33.541325,117,47,1.56,-116.2162333
20190322_161608 GOPR1279.JPG,29.8 m Below Sea Level,Below Sea Level,,2019:03:22,2019:03:22 23:16:07Z,,,,,,,"33 deg 32' 28.76"" N",North,"117 deg 47' 1.56"" W",West,"33 deg 32' 28.76"" N, 117 deg 47' 1.56"" W",33,32,28.76,33.54132222,117,47,1.56,-116.2162333
20190322_161636 GOPR1280.JPG,30 m Below Sea Level,Below Sea Level,,2019:03:22,2019:03:22 23:16:36Z,,,,,,,"33 deg 32' 28.78"" N",North,"117 deg 47' 1.58"" W",West,"33 deg 32' 28.78"" N, 117 deg 47' 1.58"" W",33,32,28.78,33.54132778,117,47,1.58,-116.2162278
20190322_161643 G0021281.JPG,29.4 m Below Sea Level,Below Sea Level,,2019:03:22,2019:03:22 23:16:43Z,,,,,,,"33 deg 32' 28.79"" N",North,"117 deg 47' 1.58"" W",West,"33 deg 32' 28.79"" N, 117 deg 47' 1.58"" W",33,32,28.79,33.54133056,117,47,1.58,-116.2162278
20190322_161643_SW.JPG,29.4 m Below Sea Level,Below Sea Level,,2019:03:22,2019:03:22 23:16:43Z,,,,,,,"33 deg 32' 28.79"" N",North,"117 deg 47' 1.58"" W",West,"33 deg 32' 28.79"" N, 117 deg 47' 1.58"" W",33,32,28.79,33.54133056,117,47,1.58,-116.2162278
20190322_161702 G0031288.JPG,28.4 m Below Sea Level,Below Sea Level,,2019:03:22,2019:03:22 23:17:02Z,,,,,,,"33 deg 32' 28.79"" N",North,"117 deg 47' 1.57"" W",West,"33 deg 32' 28.79"" N, 117 deg 47' 1.57"" W",33,32,28.79,33.54133056,117,47,1.57,-116.2162306
20190322_161925_SW.JPG,1.9 m Above Sea Level,Above Sea Level,,2019:03:22,2019:03:22 23:19:25Z,41.46417999,True North,,16.00241655 m,41.46417999,True North,"33 deg 32' 28.97"" N",North,"117 deg 47' 1.26"" W",West,"33 deg 32' 28.97"" N, 117 deg 47' 1.26"" W",33,32,28.97,33.54138056,117,47,1.26,-116.2163167
20190322_161925_SW.MOV,1.979 m,Above Sea Level,"33 deg 32' 29.04"" N, 117 deg 47' 1.32"" W, 1.979 m Above Sea Level",,,,,,,,,"33 deg 32' 29.04"" N",,"117 deg 47' 1.32"" W",,"33 deg 32' 29.04"" N, 117 deg 47' 1.32"" W",33,32,29.04,33.5414,117,47,1.32,-116.2163
20190322_161938_SW.JPG,2.2 m Above Sea Level,Above Sea Level,,2019:03:22,2019:03:22 23:19:38Z,42.35369108,True North,,12.00181242 m,42.35369108,True North,"33 deg 32' 28.86"" N",North,"117 deg 47' 1.10"" W",West,"33 deg 32' 28.86"" N, 117 deg 47' 1.10"" W",33,32,28.86,33.54135,117,47,1.1,-116.2163611
20190322_161938_SW.MOV,2.201 m,Above Sea Level,"33 deg 32' 29.04"" N, 117 deg 47' 0.96"" W, 2.201 m Above Sea Level",,,,,,,,,"33 deg 32' 29.04"" N",,"117 deg 47' 0.96"" W",,"33 deg 32' 29.04"" N, 117 deg 47' 0.96"" W",33,32,29.04,33.5414,117,47,0.96,-116.2164
20190322_163224 GOPR1296.JPG,33.2 m Below Sea Level,Below Sea Level,,2019:03:22,2019:03:22 23:32:24Z,,,,,,,"33 deg 32' 27.80"" N",North,"117 deg 47' 2.53"" W",West,"33 deg 32' 27.80"" N, 117 deg 47' 2.53"" W",33,32,27.8,33.54105556,117,47,2.53,-116.2159639
20190322_163224_SW.JPG,33.2 m Below Sea Level,Below Sea Level,,2019:03:22,2019:03:22 23:32:24Z,,,,,,,"33 deg 32' 27.80"" N",North,"117 deg 47' 2.53"" W",West,"33 deg 32' 27.80"" N, 117 deg 47' 2.53"" W",33,32,27.8,33.54105556,117,47,2.53,-116.2159639
20190322_163246 GOPR1297.JPG,34.6 m Below Sea Level,Below Sea Level,,2019:03:22,2019:03:22 23:32:46Z,,,,,,,"33 deg 32' 27.83"" N",North,"117 deg 47' 2.51"" W",West,"33 deg 32' 27.83"" N, 117 deg 47' 2.51"" W",33,32,27.83,33.54106389,117,47,2.51,-116.2159694
20190322_163249 GOPR1298.JPG,34.5 m Below Sea Level,Below Sea Level,,2019:03:22,2019:03:22 23:32:48Z,,,,,,,"33 deg 32' 27.82"" N",North,"117 deg 47' 2.51"" W",West,"33 deg 32' 27.82"" N, 117 deg 47' 2.51"" W",33,32,27.82,33.54106111,117,47,2.51,-116.2159694
20190322_163249_SW.JPG,34.5 m Below Sea Level,Below Sea Level,,2019:03:22,2019:03:22 23:32:48Z,,,,,,,"33 deg 32' 27.82"" N",North,"117 deg 47' 2.51"" W",West,"33 deg 32' 27.82"" N, 117 deg 47' 2.51"" W",33,32,27.82,33.54106111,117,47,2.51,-116.2159694
20190322_163402_GH011299.mp4,,,"33 deg 32' 27.96"" N, 117 deg 47' 2.40"" W",,,,,,,,,"33 deg 32' 27.96"" N",,"117 deg 47' 2.40"" W",,"33 deg 32' 27.96"" N, 117 deg 47' 2.40"" W",33,32,27.96,33.5411,117,47,2.4,-116.216
20190322_163429_GH011300.mp4,,,"33 deg 32' 27.60"" N, 117 deg 47' 2.40"" W",,,,,,,,,"33 deg 32' 27.60"" N",,"117 deg 47' 2.40"" W",,"33 deg 32' 27.60"" N, 117 deg 47' 2.40"" W",33,32,27.6,33.541,117,47,2.4,-116.216
20190322_163456 GOPR1301.JPG,34.5 m Below Sea Level,Below Sea Level,,2019:03:22,2019:03:22 23:34:55Z,,,,,,,"33 deg 32' 27.75"" N",North,"117 deg 47' 2.65"" W",West,"33 deg 32' 27.75"" N, 117 deg 47' 2.65"" W",33,32,27.75,33.54104167,117,47,2.65,-116.2159306
20190322_163536_GH011302.mp4,,,"33 deg 32' 27.60"" N, 117 deg 47' 2.76"" W",,,,,,,,,"33 deg 32' 27.60"" N",,"117 deg 47' 2.76"" W",,"33 deg 32' 27.60"" N, 117 deg 47' 2.76"" W",33,32,27.6,33.541,117,47,2.76,-116.2159
20190322_163612 GOPR1303.JPG,40 m Below Sea Level,Below Sea Level,,2019:03:22,2019:03:22 23:36:12Z,,,,,,,"33 deg 32' 27.25"" N",North,"117 deg 47' 2.28"" W",West,"33 deg 32' 27.25"" N, 117 deg 47' 2.28"" W",33,32,27.25,33.54090278,117,47,2.28,-116.2160333
20190322_163637 GOPR1304.JPG,40.6 m Below Sea Level,Below Sea Level,,2019:03:22,2019:03:22 23:36:37Z,,,,,,,"33 deg 32' 27.13"" N",North,"117 deg 47' 2.18"" W",West,"33 deg 32' 27.13"" N, 117 deg 47' 2.18"" W",33,32,27.13,33.54086944,117,47,2.18,-116.2160611
20190322_163652 GOPR1305.JPG,40.8 m Below Sea Level,Below Sea Level,,2019:03:22,2019:03:22 23:36:52Z,,,,,,,"33 deg 32' 26.96"" N",North,"117 deg 47' 2.01"" W",West,"33 deg 32' 26.96"" N, 117 deg 47' 2.01"" W",33,32,26.96,33.54082222,117,47,2.01,-116.2161083
20190322_163714_GH011306.mp4,,,"33 deg 32' 26.88"" N, 117 deg 47' 2.04"" W",,,,,,,,,"33 deg 32' 26.88"" N",,"117 deg 47' 2.04"" W",,"33 deg 32' 26.88"" N, 117 deg 47' 2.04"" W",33,32,26.88,33.5408,117,47,2.04,-116.2161
20190322_164142_IMG_JW.jpg,30.2 m Below Sea Level,Below Sea Level,,2019:03:22,2019:03:22 23:41:38Z,,,13.753,,,,"33 deg 32' 23.25"" N",North,"117 deg 46' 54.71"" W",West,"33 deg 32' 23.25"" N, 117 deg 46' 54.71"" W",33,32,23.25,33.53979167,117,46,54.71,-116.2181361
20190322_164146_IMG_JW.jpg,30.2 m Below Sea Level,Below Sea Level,,2019:03:22,2019:03:22 23:41:43Z,,,13.753,,,,"33 deg 32' 27.00"" N",North,"117 deg 47' 1.83"" W",West,"33 deg 32' 27.00"" N, 117 deg 47' 1.83"" W",33,32,27,33.54083333,117,47,1.83,-116.2161583
20190322_164304_IMG_JW.jpg,44.3 m Below Sea Level,Below Sea Level,,2019:03:22,2019:03:22 23:43:01Z,,,17.928,,,,"33 deg 32' 27.42"" N",North,"117 deg 47' 2.30"" W",West,"33 deg 32' 27.42"" N, 117 deg 47' 2.30"" W",33,32,27.42,33.54095,117,47,2.3,-116.2160278
20190322_164304_SW.jpg,44.3 m Below Sea Level,Below Sea Level,,2019:03:22,2019:03:22 23:43:01Z,,,17.928,,,,"33 deg 32' 27.42"" N",North,"117 deg 47' 2.30"" W",West,"33 deg 32' 27.42"" N, 117 deg 47' 2.30"" W",33,32,27.42,33.54095,117,47,2.3,-116.2160278
20190322_164315_IMG_JW.jpg,44.3 m Below Sea Level,Below Sea Level,,2019:03:22,2019:03:22 23:43:01Z,,,17.928,,,,"33 deg 32' 27.42"" N",North,"117 deg 47' 2.30"" W",West,"33 deg 32' 27.42"" N, 117 deg 47' 2.30"" W",33,32,27.42,33.54095,117,47,2.3,-116.2160278
20190322_164324_IMG_JW.jpg,34.8 m Below Sea Level,Below Sea Level,,2019:03:22,2019:03:22 23:43:21Z,,,14.472,,,,"33 deg 32' 27.29"" N",North,"117 deg 47' 2.22"" W",West,"33 deg 32' 27.29"" N, 117 deg 47' 2.22"" W",33,32,27.29,33.54091389,117,47,2.22,-116.21605
20190322_164326_IMG_JW.jpg,34.8 m Below Sea Level,Below Sea Level,,2019:03:22,2019:03:22 23:43:21Z,,,14.472,,,,"33 deg 32' 27.29"" N",North,"117 deg 47' 2.22"" W",West,"33 deg 32' 27.29"" N, 117 deg 47' 2.22"" W",33,32,27.29,33.54091389,117,47,2.22,-116.21605
20190322_164633_SW.JPG,0.7 m Above Sea Level,Above Sea Level,,2019:03:22,2019:03:22 23:46:33Z,102.8131942,True North,,12.00181242 m,102.8131942,True North,"33 deg 32' 26.91"" N",North,"117 deg 47' 1.56"" W",West,"33 deg 32' 26.91"" N, 117 deg 47' 1.56"" W",33,32,26.91,33.54080833,117,47,1.56,-116.2162333
20190322_164633_SW.MOV,0.792 m,Above Sea Level,"33 deg 32' 26.88"" N, 117 deg 47' 1.68"" W, 0.792 m Above Sea Level",,,,,,,,,"33 deg 32' 26.88"" N",,"117 deg 47' 1.68"" W",,"33 deg 32' 26.88"" N, 117 deg 47' 1.68"" W",33,32,26.88,33.5408,117,47,1.68,-116.2162
20190322_181253_VID_JW.mp4,,,"33 deg 32' 31.20"" N, 117 deg 46' 54.84"" W",,,,,,,,,"33 deg 32' 31.20"" N",,"117 deg 46' 54.84"" W",,"33 deg 32' 31.20"" N, 117 deg 46' 54.84"" W",33,32,31.2,33.542,117,46,54.84,-116.2181
20190323_100609_IMG_JW.jpg,176.7 m Above Sea Level,Above Sea Level,,2019:03:23,2019:03:23 17:06:08Z,,,6.951,,,,"33 deg 36' 10.40"" N",North,"117 deg 49' 37.52"" W",West,"33 deg 36' 10.40"" N, 117 deg 49' 37.52"" W",33,36,10.4,33.60288889,117,49,37.52,-116.1729111
20190323_100617_MVIMG_JW.jpg,0 m Above Sea Level,Below Sea Level,,2019:03:23,2019:03:23 17:06:08Z,,,17.623,,,,"33 deg 36' 10.82"" N",North,"117 deg 49' 37.50"" W",West,"33 deg 36' 10.82"" N, 117 deg 49' 37.50"" W",33,36,10.82,33.60300556,117,49,37.5,-116.1729167
20190323_100626_IMG_JW.jpg,0 m Above Sea Level,Below Sea Level,,2019:03:23,2019:03:23 17:06:08Z,,,17.623,,,,"33 deg 36' 10.82"" N",North,"117 deg 49' 37.50"" W",West,"33 deg 36' 10.82"" N, 117 deg 49' 37.50"" W",33,36,10.82,33.60300556,117,49,37.5,-116.1729167
20190323_100652_IMG_JW.jpg,0 m Above Sea Level,Below Sea Level,,2019:03:23,2019:03:23 17:06:08Z,,,17.623,,,,"33 deg 36' 10.82"" N",North,"117 deg 49' 37.50"" W",West,"33 deg 36' 10.82"" N, 117 deg 49' 37.50"" W",33,36,10.82,33.60300556,117,49,37.5,-116.1729167
20190323_120722_VID_JW.mp4,,,"33 deg 36' 10.80"" N, 117 deg 49' 37.20"" W",,,,,,,,,"33 deg 36' 10.80"" N",,"117 deg 49' 37.20"" W",,"33 deg 36' 10.80"" N, 117 deg 49' 37.20"" W",33,36,10.8,33.603,117,49,37.2,-116.173
20190323_120927_IMG_JW.jpg,0 m Above Sea Level,Below Sea Level,,2019:03:23,2019:03:23 19:09:16Z,,,16.52,,,,"33 deg 36' 10.87"" N",North,"117 deg 49' 37.40"" W",West,"33 deg 36' 10.87"" N, 117 deg 49' 37.40"" W",33,36,10.87,33.60301944,117,49,37.4,-116.1729444
20190323_120927_SW.jpg,0 m Above Sea Level,Below Sea Level,,2019:03:23,2019:03:23 19:09:16Z,,,16.52,,,,"33 deg 36' 10.87"" N",North,"117 deg 49' 37.40"" W",West,"33 deg 36' 10.87"" N, 117 deg 49' 37.40"" W",33,36,10.87,33.60301944,117,49,37.4,-116.1729444
20190323_134019_1_SW.JPG,67.8 m Above Sea Level,Above Sea Level,,,,,,,11.67558558 m,,,"33 deg 3' 14.69"" N",North,"117 deg 15' 34.03"" W",West,"33 deg 3' 14.69"" N, 117 deg 15' 34.03"" W",33,3,14.69,33.05408056,117,15,34.03,-116.7405472
20190323_134019_SW.JPG,67.8 m Above Sea Level,Above Sea Level,,,,,,,11.67558558 m,,,"33 deg 3' 14.69"" N",North,"117 deg 15' 34.03"" W",West,"33 deg 3' 14.69"" N, 117 deg 15' 34.03"" W",33,3,14.69,33.05408056,117,15,34.03,-116.7405472
20190323_144331_IMG_JW.jpg,144.5 m Above Sea Level,Above Sea Level,,2019:03:23,2019:03:23 21:43:32Z,,,39.664,,,,"33 deg 36' 13.16"" N",North,"117 deg 49' 37.89"" W",West,"33 deg 36' 13.16"" N, 117 deg 49' 37.89"" W",33,36,13.16,33.60365556,117,49,37.89,-116.1728083
20190323_150253_IMG_JW.jpg,0 m Above Sea Level,Below Sea Level,,2019:03:23,2019:03:23 22:02:48Z,,,72.9,,,,"33 deg 36' 15.97"" N",North,"117 deg 49' 36.15"" W",West,"33 deg 36' 15.97"" N, 117 deg 49' 36.15"" W",33,36,15.97,33.60443611,117,49,36.15,-116.1732917
20190323_150301_IMG_JW.jpg,207.4 m Above Sea Level,Above Sea Level,,2019:03:23,2019:03:23 22:02:55Z,,,28.604,,,,"33 deg 36' 16.61"" N",North,"117 deg 49' 33.46"" W",West,"33 deg 36' 16.61"" N, 117 deg 49' 33.46"" W",33,36,16.61,33.60461389,117,49,33.46,-116.1740389
20190323_150302_IMG_JW.jpg,207.4 m Above Sea Level,Above Sea Level,,2019:03:23,2019:03:23 22:02:55Z,,,28.604,,,,"33 deg 36' 16.61"" N",North,"117 deg 49' 33.46"" W",West,"33 deg 36' 16.61"" N, 117 deg 49' 33.46"" W",33,36,16.61,33.60461389,117,49,33.46,-116.1740389
20190323_151553_IMG_JW.jpg,0 m Above Sea Level,Below Sea Level,,2019:03:23,2019:03:23 22:15:50Z,,,29.95,,,,"33 deg 36' 16.04"" N",North,"117 deg 49' 34.72"" W",West,"33 deg 36' 16.04"" N, 117 deg 49' 34.72"" W",33,36,16.04,33.60445556,117,49,34.72,-116.1736889
20190323_151601_IMG_JW.jpg,116.2 m Above Sea Level,Above Sea Level,,2019:03:23,2019:03:23 22:15:55Z,,,9.485,,,,"33 deg 36' 16.03"" N",North,"117 deg 49' 34.69"" W",West,"33 deg 36' 16.03"" N, 117 deg 49' 34.69"" W",33,36,16.03,33.60445278,117,49,34.69,-116.1736972
20190323_151830_VID_JW.mp4,,,"33 deg 36' 18.36"" N, 117 deg 49' 29.64"" W",,,,,,,,,"33 deg 36' 18.36"" N",,"117 deg 49' 29.64"" W",,"33 deg 36' 18.36"" N, 117 deg 49' 29.64"" W",33,36,18.36,33.6051,117,49,29.64,-116.1751
20190323_151848_IMG_JW.jpg,179.7 m Above Sea Level,Above Sea Level,,2019:03:23,2019:03:23 22:18:47Z,,,27.24,,,,"33 deg 36' 16.23"" N",North,"117 deg 49' 31.92"" W",West,"33 deg 36' 16.23"" N, 117 deg 49' 31.92"" W",33,36,16.23,33.60450833,117,49,31.92,-116.1744667
20190323_151903_IMG_JW.jpg,178.7 m Above Sea Level,Above Sea Level,,2019:03:23,2019:03:23 22:18:50Z,,,10.677,,,,"33 deg 36' 16.22"" N",North,"117 deg 49' 31.86"" W",West,"33 deg 36' 16.22"" N, 117 deg 49' 31.86"" W",33,36,16.22,33.60450556,117,49,31.86,-116.1744833
20190323_151905_MVIMG_JW.jpg,178.7 m Above Sea Level,Above Sea Level,,2019:03:23,2019:03:23 22:18:50Z,,,11.792,,,,"33 deg 36' 16.22"" N",North,"117 deg 49' 31.86"" W",West,"33 deg 36' 16.22"" N, 117 deg 49' 31.86"" W",33,36,16.22,33.60450556,117,49,31.86,-116.1744833
20190323_152319_IMG_JW.jpg,164.3 m Above Sea Level,Above Sea Level,,2019:03:23,2019:03:23 22:23:18Z,,,10.523,,,,"33 deg 36' 16.33"" N",North,"117 deg 49' 30.33"" W",West,"33 deg 36' 16.33"" N, 117 deg 49' 30.33"" W",33,36,16.33,33.60453611,117,49,30.33,-116.1749083
20190323_152338_IMG_JW.jpg,174 m Above Sea Level,Above Sea Level,,2019:03:23,2019:03:23 22:23:39Z,,,9.79,,,,"33 deg 36' 16.21"" N",North,"117 deg 49' 30.26"" W",West,"33 deg 36' 16.21"" N, 117 deg 49' 30.26"" W",33,36,16.21,33.60450278,117,49,30.26,-116.1749278
20190323_153114_IMG_JW.jpg,0 m Above Sea Level,Below Sea Level,,2019:03:23,2019:03:23 22:31:11Z,,,47.465,,,,"33 deg 36' 17.54"" N",North,"117 deg 49' 32.70"" W",West,"33 deg 36' 17.54"" N, 117 deg 49' 32.70"" W",33,36,17.54,33.60487222,117,49,32.7,-116.17425
20190323_183932_MVIMG_JW.jpg,26.1 m Below Sea Level,Below Sea Level,,2019:03:24,2019:03:24 01:39:29Z,,,9.836,,,,"33 deg 32' 28.86"" N",North,"117 deg 46' 57.27"" W",West,"33 deg 32' 28.86"" N, 117 deg 46' 57.27"" W",33,32,28.86,33.54135,117,46,57.27,-116.217425
20190323_183959_MVIMG_JW.jpg,0 m Above Sea Level,Below Sea Level,,2019:03:24,2019:03:24 01:39:52Z,,,19.81,,,,"33 deg 32' 28.85"" N",North,"117 deg 46' 56.30"" W",West,"33 deg 32' 28.85"" N, 117 deg 46' 56.30"" W",33,32,28.85,33.54134722,117,46,56.3,-116.2176944
20190323_184035_IMG_JW.jpg,32.7 m Below Sea Level,Below Sea Level,,2019:03:24,2019:03:24 01:40:23Z,,,27.705,,,,"33 deg 32' 28.87"" N",North,"117 deg 46' 57.52"" W",West,"33 deg 32' 28.87"" N, 117 deg 46' 57.52"" W",33,32,28.87,33.54135278,117,46,57.52,-116.2173556
20190323_184557_SW.JPG,6.1 m Above Sea Level,Above Sea Level,,2019:03:24,2019:03:24 01:45:56Z,213.4115068,True North,,15.6697038 m,33.41150666,True North,"33 deg 32' 29.44"" N",North,"117 deg 46' 57.31"" W",West,"33 deg 32' 29.44"" N, 117 deg 46' 57.31"" W",33,32,29.44,33.54151111,117,46,57.31,-116.2174139
20190323_184557_SW.MOV,6.138 m,Above Sea Level,"33 deg 32' 29.40"" N, 117 deg 46' 57.36"" W, 6.138 m Above Sea Level",,,,,,,,,"33 deg 32' 29.40"" N",,"117 deg 46' 57.36"" W",,"33 deg 32' 29.40"" N, 117 deg 46' 57.36"" W",33,32,29.4,33.5415,117,46,57.36,-116.2174
20190323_184603_SW.JPG,5.5 m Above Sea Level,Above Sea Level,,2019:03:24,2019:03:24 01:46:02Z,216.9189378,True North,,6.000906208 m,36.91893768,True North,"33 deg 32' 29.37"" N",North,"117 deg 46' 57.72"" W",West,"33 deg 32' 29.37"" N, 117 deg 46' 57.72"" W",33,32,29.37,33.54149167,117,46,57.72,-116.2173
20190323_184603_SW.MOV,5.531 m,Above Sea Level,"33 deg 32' 29.40"" N, 117 deg 46' 57.72"" W, 5.531 m Above Sea Level",,,,,,,,,"33 deg 32' 29.40"" N",,"117 deg 46' 57.72"" W",,"33 deg 32' 29.40"" N, 117 deg 46' 57.72"" W",33,32,29.4,33.5415,117,46,57.72,-116.2173
20190323_184628_SW.JPG,8.6 m Above Sea Level,Above Sea Level,,2019:03:24,2019:03:24 01:46:27Z,221.7871094,True North,,16 m,41.78710938,True North,"33 deg 32' 29.26"" N",North,"117 deg 46' 57.28"" W",West,"33 deg 32' 29.26"" N, 117 deg 46' 57.28"" W",33,32,29.26,33.54146111,117,46,57.28,-116.2174222
20190323_184628_SW.MOV,8.649 m,Above Sea Level,"33 deg 32' 29.40"" N, 117 deg 46' 57.36"" W, 8.649 m Above Sea Level",,,,,,,,,"33 deg 32' 29.40"" N",,"117 deg 46' 57.36"" W",,"33 deg 32' 29.40"" N, 117 deg 46' 57.36"" W",33,32,29.4,33.5415,117,46,57.36,-116.2174
20190323_185009_SW.JPG,5.9 m Above Sea Level,Above Sea Level,,2019:03:24,2019:03:24 01:50:09Z,247.4122925,True North,,8.001208277 m,247.4122925,True North,"33 deg 32' 29.26"" N",North,"117 deg 46' 57.31"" W",West,"33 deg 32' 29.26"" N, 117 deg 46' 57.31"" W",33,32,29.26,33.54146111,117,46,57.31,-116.2174139
20190323_185009_SW.MOV,5.915 m,Above Sea Level,"33 deg 32' 29.40"" N, 117 deg 46' 57.36"" W, 5.915 m Above Sea Level",,,,,,,,,"33 deg 32' 29.40"" N",,"117 deg 46' 57.36"" W",,"33 deg 32' 29.40"" N, 117 deg 46' 57.36"" W",33,32,29.4,33.5415,117,46,57.36,-116.2174
20190323_185038_SW.JPG,5.7 m Above Sea Level,Above Sea Level,,2019:03:24,2019:03:24 01:50:38Z,247.1017608,True North,,8.001208277 m,67.10176085,True North,"33 deg 32' 29.32"" N",North,"117 deg 46' 57.50"" W",West,"33 deg 32' 29.32"" N, 117 deg 46' 57.50"" W",33,32,29.32,33.54147778,117,46,57.5,-116.2173611
20190323_185038_SW.MOV,5.793 m,Above Sea Level,"33 deg 32' 29.40"" N, 117 deg 46' 57.36"" W, 5.793 m Above Sea Level",,,,,,,,,"33 deg 32' 29.40"" N",,"117 deg 46' 57.36"" W",,"33 deg 32' 29.40"" N, 117 deg 46' 57.36"" W",33,32,29.4,33.5415,117,46,57.36,-116.2174
20190323_185939_SW.JPG,8.7 m Above Sea Level,Above Sea Level,,2019:03:24,2019:03:24 01:59:39Z,248.5084685,True North,,32 m,248.5084685,True North,"33 deg 32' 29.41"" N",North,"117 deg 46' 57.33"" W",West,"33 deg 32' 29.41"" N, 117 deg 46' 57.33"" W",33,32,29.41,33.54150278,117,46,57.33,-116.2174083
20190323_185939_SW.MOV,8.711 m,Above Sea Level,"33 deg 32' 29.40"" N, 117 deg 46' 57.36"" W, 8.711 m Above Sea Level",,,,,,,,,"33 deg 32' 29.40"" N",,"117 deg 46' 57.36"" W",,"33 deg 32' 29.40"" N, 117 deg 46' 57.36"" W",33,32,29.4,33.5415,117,46,57.36,-116.2174
20190323_185952_ADMIN_Mar-26-221223-2019_Conflict_SW.jpg,6.034027574 m,,,1970:01:01,1970:01:01 00:00:00Z,,,1,,,,"33 deg 32' 29.33"" N",North,"117 deg 46' 57.28"" W",West,"33 deg 32' 29.33"" N, 117 deg 46' 57.28"" W",33,32,29.33,33.54148056,117,46,57.28,-116.2174222
20190323_185952_SW.JPG,6 m Above Sea Level,Above Sea Level,,2019:03:24,2019:03:24 01:59:52Z,235.787262,True North,,12.00181242 m,55.78726198,True North,"33 deg 32' 29.33"" N",North,"117 deg 46' 57.28"" W",West,"33 deg 32' 29.33"" N, 117 deg 46' 57.28"" W",33,32,29.33,33.54148056,117,46,57.28,-116.2174222
20190323_185952_SW.MOV,6.034 m,Above Sea Level,"33 deg 32' 29.40"" N, 117 deg 46' 57.36"" W, 6.034 m Above Sea Level",,,,,,,,,"33 deg 32' 29.40"" N",,"117 deg 46' 57.36"" W",,"33 deg 32' 29.40"" N, 117 deg 46' 57.36"" W",33,32,29.4,33.5415,117,46,57.36,-116.2174
20190323_193306_MVIMG_JW.jpg,14.8 m Below Sea Level,Below Sea Level,,2019:03:24,2019:03:24 02:32:57Z,,,7.936,,,,"33 deg 32' 26.02"" N",North,"117 deg 46' 54.28"" W",West,"33 deg 32' 26.02"" N, 117 deg 46' 54.28"" W",33,32,26.02,33.54056111,117,46,54.28,-116.2182556
20190323_204432_IMG_JW.jpg,20.6 m Below Sea Level,Below Sea Level,,2019:03:24,2019:03:24 03:44:23Z,,,68.025,,,,"33 deg 32' 26.73"" N",North,"117 deg 46' 55.17"" W",West,"33 deg 32' 26.73"" N, 117 deg 46' 55.17"" W",33,32,26.73,33.54075833,117,46,55.17,-116.2180083
20190324_091228_SW.JPG,207.8 m Above Sea Level,Above Sea Level,,2019:03:24,2019:03:24 16:12:26Z,112.9085999,True North,,65 m,112.9085999,True North,"33 deg 36' 10.43"" N",North,"117 deg 49' 37.27"" W",West,"33 deg 36' 10.43"" N, 117 deg 49' 37.27"" W",33,36,10.43,33.60289722,117,49,37.27,-116.1729806
20190324_091228_SW.MOV,207.868 m,Above Sea Level,"33 deg 36' 10.44"" N, 117 deg 49' 37.20"" W, 207.868 m Above Sea Level",,,,,,,,,"33 deg 36' 10.44"" N",,"117 deg 49' 37.20"" W",,"33 deg 36' 10.44"" N, 117 deg 49' 37.20"" W",33,36,10.44,33.6029,117,49,37.2,-116.173
20190324_091255_SW.JPG,191.6 m Above Sea Level,Above Sea Level,,2019:03:24,2019:03:24 16:12:56Z,100.9463272,True North,,64 m,100.9463272,True North,"33 deg 36' 10.05"" N",North,"117 deg 49' 37.84"" W",West,"33 deg 36' 10.05"" N, 117 deg 49' 37.84"" W",33,36,10.05,33.60279167,117,49,37.84,-116.1728222
20190324_091255_SW.MOV,191.61 m,Above Sea Level,"33 deg 36' 10.08"" N, 117 deg 49' 37.92"" W, 191.61 m Above Sea Level",,,,,,,,,"33 deg 36' 10.08"" N",,"117 deg 49' 37.92"" W",,"33 deg 36' 10.08"" N, 117 deg 49' 37.92"" W",33,36,10.08,33.6028,117,49,37.92,-116.1728
20190324_091258_SW.JPG,207.1 m Above Sea Level,Above Sea Level,,2019:03:24,2019:03:24 16:12:58Z,101.3327865,True North,,64.00966621 m,101.3327865,True North,"33 deg 36' 10.18"" N",North,"117 deg 49' 38.09"" W",West,"33 deg 36' 10.18"" N, 117 deg 49' 38.09"" W",33,36,10.18,33.60282778,117,49,38.09,-116.1727528
20190324_091258_SW.MOV,207.116 m,Above Sea Level,"33 deg 36' 10.08"" N, 117 deg 49' 37.92"" W, 207.116 m Above Sea Level",,,,,,,,,"33 deg 36' 10.08"" N",,"117 deg 49' 37.92"" W",,"33 deg 36' 10.08"" N, 117 deg 49' 37.92"" W",33,36,10.08,33.6028,117,49,37.92,-116.1728
20190324_091354_SW.JPG,206.7 m Above Sea Level,Above Sea Level,,2019:03:24,2019:03:24 16:13:52Z,94.92856598,True North,,65 m,94.92856598,True North,"33 deg 36' 10.35"" N",North,"117 deg 49' 37.79"" W",West,"33 deg 36' 10.35"" N, 117 deg 49' 37.79"" W",33,36,10.35,33.602875,117,49,37.79,-116.1728361
20190324_091354_SW.MOV,206.732 m,Above Sea Level,"33 deg 36' 10.44"" N, 117 deg 49' 37.92"" W, 206.732 m Above Sea Level",,,,,,,,,"33 deg 36' 10.44"" N",,"117 deg 49' 37.92"" W",,"33 deg 36' 10.44"" N, 117 deg 49' 37.92"" W",33,36,10.44,33.6029,117,49,37.92,-116.1728
20190324_091359_SW.JPG,207.3 m Above Sea Level,Above Sea Level,,2019:03:24,2019:03:24 16:13:58Z,105.4339447,True North,,65 m,105.4339447,True North,"33 deg 36' 10.34"" N",North,"117 deg 49' 37.43"" W",West,"33 deg 36' 10.34"" N, 117 deg 49' 37.43"" W",33,36,10.34,33.60287222,117,49,37.43,-116.1729361
20190324_091359_SW.MOV,207.349 m,Above Sea Level,"33 deg 36' 10.44"" N, 117 deg 49' 37.56"" W, 207.349 m Above Sea Level",,,,,,,,,"33 deg 36' 10.44"" N",,"117 deg 49' 37.56"" W",,"33 deg 36' 10.44"" N, 117 deg 49' 37.56"" W",33,36,10.44,33.6029,117,49,37.56,-116.1729
20190324_091409_SW.JPG,207.1 m Above Sea Level,Above Sea Level,,2019:03:24,2019:03:24 16:14:05Z,107.1118392,True North,,65 m,107.1118392,True North,"33 deg 36' 10.35"" N",North,"117 deg 49' 37.60"" W",West,"33 deg 36' 10.35"" N, 117 deg 49' 37.60"" W",33,36,10.35,33.602875,117,49,37.6,-116.1728889
20190324_091409_SW.MOV,207.193 m,Above Sea Level,"33 deg 36' 10.44"" N, 117 deg 49' 37.56"" W, 207.193 m Above Sea Level",,,,,,,,,"33 deg 36' 10.44"" N",,"117 deg 49' 37.56"" W",,"33 deg 36' 10.44"" N, 117 deg 49' 37.56"" W",33,36,10.44,33.6029,117,49,37.56,-116.1729
20190324_102553_IMG_JW.jpg,2.5 m Below Sea Level,Below Sea Level,,2019:03:24,2019:03:24 17:25:49Z,,,24.61,,,,"33 deg 43' 40.88"" N",North,"117 deg 47' 17.25"" W",West,"33 deg 43' 40.88"" N, 117 deg 47' 17.25"" W",33,43,40.88,33.72802222,117,47,17.25,-116.211875
20190324_113124_SW.JPG,31 m Above Sea Level,Above Sea Level,,2019:03:24,2019:03:24 18:31:23Z,350.4767151,True North,,48 m,350.4767151,True North,"33 deg 43' 41.64"" N",North,"117 deg 47' 16.15"" W",West,"33 deg 43' 41.64"" N, 117 deg 47' 16.15"" W",33,43,41.64,33.72823333,117,47,16.15,-116.2121806
20190324_113124_SW.MOV,31.033 m,Above Sea Level,"33 deg 43' 41.52"" N, 117 deg 47' 16.08"" W, 31.033 m Above Sea Level",,,,,,,,,"33 deg 43' 41.52"" N",,"117 deg 47' 16.08"" W",,"33 deg 43' 41.52"" N, 117 deg 47' 16.08"" W",33,43,41.52,33.7282,117,47,16.08,-116.2122
20190324_114323_SW.JPG,30.3 m Above Sea Level,Above Sea Level,,2019:03:24,2019:03:24 18:43:23Z,188.5891724,True North,,8.001208277 m,188.5891724,True North,"33 deg 43' 40.50"" N",North,"117 deg 47' 17.27"" W",West,"33 deg 43' 40.50"" N, 117 deg 47' 17.27"" W",33,43,40.5,33.72791667,117,47,17.27,-116.2118694
20190324_114323_SW.MOV,30.359 m,Above Sea Level,"33 deg 43' 40.44"" N, 117 deg 47' 17.16"" W, 30.359 m Above Sea Level",,,,,,,,,"33 deg 43' 40.44"" N",,"117 deg 47' 17.16"" W",,"33 deg 43' 40.44"" N, 117 deg 47' 17.16"" W",33,43,40.44,33.7279,117,47,17.16,-116.2119
20190324_114324_SW.JPG,30.3 m Above Sea Level,Above Sea Level,,2019:03:24,2019:03:24 18:43:24Z,190.1944276,True North,,8.001208277 m,190.1944276,True North,"33 deg 43' 40.50"" N",North,"117 deg 47' 17.25"" W",West,"33 deg 43' 40.50"" N, 117 deg 47' 17.25"" W",33,43,40.5,33.72791667,117,47,17.25,-116.211875
20190324_114324_SW.MOV,30.389 m,Above Sea Level,"33 deg 43' 40.44"" N, 117 deg 47' 17.16"" W, 30.389 m Above Sea Level",,,,,,,,,"33 deg 43' 40.44"" N",,"117 deg 47' 17.16"" W",,"33 deg 43' 40.44"" N, 117 deg 47' 17.16"" W",33,43,40.44,33.7279,117,47,17.16,-116.2119
20190324_114327_SW.JPG,30.4 m Above Sea Level,Above Sea Level,,2019:03:24,2019:03:24 18:43:27Z,189.0358887,True North,,8.001208277 m,189.0358887,True North,"33 deg 43' 40.56"" N",North,"117 deg 47' 17.27"" W",West,"33 deg 43' 40.56"" N, 117 deg 47' 17.27"" W",33,43,40.56,33.72793333,117,47,17.27,-116.2118694
20190324_114327_SW.MOV,30.422 m,Above Sea Level,"33 deg 43' 40.44"" N, 117 deg 47' 17.16"" W, 30.422 m Above Sea Level",,,,,,,,,"33 deg 43' 40.44"" N",,"117 deg 47' 17.16"" W",,"33 deg 43' 40.44"" N, 117 deg 47' 17.16"" W",33,43,40.44,33.7279,117,47,17.16,-116.2119
20190324_114337_SW.JPG,30.5 m Above Sea Level,Above Sea Level,,2019:03:24,2019:03:24 18:43:38Z,190.4789732,True North,,8.001208277 m,190.4789732,True North,"33 deg 43' 40.56"" N",North,"117 deg 47' 17.16"" W",West,"33 deg 43' 40.56"" N, 117 deg 47' 17.16"" W",33,43,40.56,33.72793333,117,47,17.16,-116.2119
20190324_114337_SW.MOV,30.569 m,Above Sea Level,"33 deg 43' 40.44"" N, 117 deg 47' 17.16"" W, 30.569 m Above Sea Level",,,,,,,,,"33 deg 43' 40.44"" N",,"117 deg 47' 17.16"" W",,"33 deg 43' 40.44"" N, 117 deg 47' 17.16"" W",33,43,40.44,33.7279,117,47,17.16,-116.2119
20190324_114344_1_SW.JPG,30.3 m Above Sea Level,Above Sea Level,,2019:03:24,2019:03:24 18:43:44Z,193.4159544,True North,,8.001208277 m,193.4159544,True North,"33 deg 43' 40.57"" N",North,"117 deg 47' 17.30"" W",West,"33 deg 43' 40.57"" N, 117 deg 47' 17.30"" W",33,43,40.57,33.72793611,117,47,17.3,-116.2118611
20190324_114344_1_SW.MOV,30.334 m,Above Sea Level,"33 deg 43' 40.44"" N, 117 deg 47' 17.16"" W, 30.334 m Above Sea Level",,,,,,,,,"33 deg 43' 40.44"" N",,"117 deg 47' 17.16"" W",,"33 deg 43' 40.44"" N, 117 deg 47' 17.16"" W",33,43,40.44,33.7279,117,47,17.16,-116.2119
20190324_114344_SW.JPG,30.3 m Above Sea Level,Above Sea Level,,2019:03:24,2019:03:24 18:43:43Z,192.8083496,True North,,8.001208277 m,192.8083496,True North,"33 deg 43' 40.56"" N",North,"117 deg 47' 17.30"" W",West,"33 deg 43' 40.56"" N, 117 deg 47' 17.30"" W",33,43,40.56,33.72793333,117,47,17.3,-116.2118611
20190324_114344_SW.MOV,30.379 m,Above Sea Level,"33 deg 43' 40.44"" N, 117 deg 47' 17.16"" W, 30.379 m Above Sea Level",,,,,,,,,"33 deg 43' 40.44"" N",,"117 deg 47' 17.16"" W",,"33 deg 43' 40.44"" N, 117 deg 47' 17.16"" W",33,43,40.44,33.7279,117,47,17.16,-116.2119
20190324_114345_SW.JPG,30.3 m Above Sea Level,Above Sea Level,,2019:03:24,2019:03:24 18:43:45Z,193.7634888,True North,,8.001208277 m,193.7634888,True North,"33 deg 43' 40.57"" N",North,"117 deg 47' 17.30"" W",West,"33 deg 43' 40.57"" N, 117 deg 47' 17.30"" W",33,43,40.57,33.72793611,117,47,17.3,-116.2118611
20190324_114345_SW.MOV,30.333 m,Above Sea Level,"33 deg 43' 40.44"" N, 117 deg 47' 17.16"" W, 30.333 m Above Sea Level",,,,,,,,,"33 deg 43' 40.44"" N",,"117 deg 47' 17.16"" W",,"33 deg 43' 40.44"" N, 117 deg 47' 17.16"" W",33,43,40.44,33.7279,117,47,17.16,-116.2119
20190324_114346_SW.JPG,30.3 m Above Sea Level,Above Sea Level,,2019:03:24,2019:03:24 18:43:46Z,193.8923646,True North,,8.001208277 m,193.8923646,True North,"33 deg 43' 40.56"" N",North,"117 deg 47' 17.30"" W",West,"33 deg 43' 40.56"" N, 117 deg 47' 17.30"" W",33,43,40.56,33.72793333,117,47,17.3,-116.2118611
20190324_114346_SW.MOV,30.308 m,Above Sea Level,"33 deg 43' 40.44"" N, 117 deg 47' 17.16"" W, 30.308 m Above Sea Level",,,,,,,,,"33 deg 43' 40.44"" N",,"117 deg 47' 17.16"" W",,"33 deg 43' 40.44"" N, 117 deg 47' 17.16"" W",33,43,40.44,33.7279,117,47,17.16,-116.2119
20190324_114349_SW.JPG,30.1 m Above Sea Level,Above Sea Level,,2019:03:24,2019:03:24 18:43:50Z,193.9448548,True North,,8.001208277 m,193.9448548,True North,"33 deg 43' 40.54"" N",North,"117 deg 47' 17.38"" W",West,"33 deg 43' 40.54"" N, 117 deg 47' 17.38"" W",33,43,40.54,33.72792778,117,47,17.38,-116.2118389
20190324_114349_SW.MOV,30.157 m,Above Sea Level,"33 deg 43' 40.44"" N, 117 deg 47' 17.52"" W, 30.157 m Above Sea Level",,,,,,,,,"33 deg 43' 40.44"" N",,"117 deg 47' 17.52"" W",,"33 deg 43' 40.44"" N, 117 deg 47' 17.52"" W",33,43,40.44,33.7279,117,47,17.52,-116.2118
20190324_114352_SW.JPG,30.1 m Above Sea Level,Above Sea Level,,2019:03:24,2019:03:24 18:43:52Z,194.4156493,True North,,8.001208277 m,194.4156493,True North,"33 deg 43' 40.54"" N",North,"117 deg 47' 17.41"" W",West,"33 deg 43' 40.54"" N, 117 deg 47' 17.41"" W",33,43,40.54,33.72792778,117,47,17.41,-116.2118306
20190324_114352_SW.MOV,30.117 m,Above Sea Level,"33 deg 43' 40.44"" N, 117 deg 47' 17.52"" W, 30.117 m Above Sea Level",,,,,,,,,"33 deg 43' 40.44"" N",,"117 deg 47' 17.52"" W",,"33 deg 43' 40.44"" N, 117 deg 47' 17.52"" W",33,43,40.44,33.7279,117,47,17.52,-116.2118
20190324_114359_SW.JPG,29.8 m Above Sea Level,Above Sea Level,,2019:03:24,2019:03:24 18:43:59Z,194.2765197,True North,,8.001208277 m,194.2765197,True North,"33 deg 43' 40.50"" N",North,"117 deg 47' 17.55"" W",West,"33 deg 43' 40.50"" N, 117 deg 47' 17.55"" W",33,43,40.5,33.72791667,117,47,17.55,-116.2117917
20190324_114359_SW.MOV,29.895 m,Above Sea Level,"33 deg 43' 40.44"" N, 117 deg 47' 17.52"" W, 29.895 m Above Sea Level",,,,,,,,,"33 deg 43' 40.44"" N",,"117 deg 47' 17.52"" W",,"33 deg 43' 40.44"" N, 117 deg 47' 17.52"" W",33,43,40.44,33.7279,117,47,17.52,-116.2118
20190324_114625_SW.JPG,30.9 m Above Sea Level,Above Sea Level,,2019:03:24,2019:03:24 18:46:25Z,125.3064576,True North,,16.00241655 m,125.3064576,True North,"33 deg 43' 41.20"" N",North,"117 deg 47' 17.00"" W",West,"33 deg 43' 41.20"" N, 117 deg 47' 17.00"" W",33,43,41.2,33.72811111,117,47,17,-116.2119444
20190324_114625_SW.MOV,30.923 m,Above Sea Level,"33 deg 43' 41.16"" N, 117 deg 47' 17.16"" W, 30.923 m Above Sea Level",,,,,,,,,"33 deg 43' 41.16"" N",,"117 deg 47' 17.16"" W",,"33 deg 43' 41.16"" N, 117 deg 47' 17.16"" W",33,43,41.16,33.7281,117,47,17.16,-116.2119
20190324_114636_SW.JPG,30.9 m Above Sea Level,Above Sea Level,,2019:03:24,2019:03:24 18:46:35Z,123.3932037,True North,,12.00181242 m,123.3932037,True North,"33 deg 43' 41.34"" N",North,"117 deg 47' 16.81"" W",West,"33 deg 43' 41.34"" N, 117 deg 47' 16.81"" W",33,43,41.34,33.72815,117,47,16.81,-116.2119972
20190324_114638_SW.JPG,30.9 m Above Sea Level,Above Sea Level,,2019:03:24,2019:03:24 18:46:38Z,122.6307678,True North,,16.00241655 m,122.6307678,True North,"33 deg 43' 41.30"" N",North,"117 deg 47' 16.70"" W",West,"33 deg 43' 41.30"" N, 117 deg 47' 16.70"" W",33,43,41.3,33.72813889,117,47,16.7,-116.2120278
20190324_114639_SW.JPG,30.9 m Above Sea Level,Above Sea Level,,2019:03:24,2019:03:24 18:46:39Z,121.1708068,True North,,16.00241655 m,121.1708068,True North,"33 deg 43' 41.28"" N",North,"117 deg 47' 16.70"" W",West,"33 deg 43' 41.28"" N, 117 deg 47' 16.70"" W",33,43,41.28,33.72813333,117,47,16.7,-116.2120278
20190324_115055_SW.JPG,29.8 m Above Sea Level,Above Sea Level,,2019:03:24,2019:03:24 18:50:51Z,101.6236267,True North,,65 m,101.6236267,True North,"33 deg 43' 40.25"" N",North,"117 deg 47' 16.53"" W",West,"33 deg 43' 40.25"" N, 117 deg 47' 16.53"" W",33,43,40.25,33.72784722,117,47,16.53,-116.212075
20190324_115055_SW.MOV,29.8 m,Above Sea Level,"33 deg 43' 40.08"" N, 117 deg 47' 16.44"" W, 29.8 m Above Sea Level",,,,,,,,,"33 deg 43' 40.08"" N",,"117 deg 47' 16.44"" W",,"33 deg 43' 40.08"" N, 117 deg 47' 16.44"" W",33,43,40.08,33.7278,117,47,16.44,-116.2121
20190324_115057_SW.JPG,29.8 m Above Sea Level,Above Sea Level,,2019:03:24,2019:03:24 18:50:51Z,102.8721007,True North,,65 m,102.8721007,True North,"33 deg 43' 40.25"" N",North,"117 deg 47' 16.53"" W",West,"33 deg 43' 40.25"" N, 117 deg 47' 16.53"" W",33,43,40.25,33.72784722,117,47,16.53,-116.212075
20190324_115057_SW.MOV,29.8 m,Above Sea Level,"33 deg 43' 40.08"" N, 117 deg 47' 16.44"" W, 29.8 m Above Sea Level",,,,,,,,,"33 deg 43' 40.08"" N",,"117 deg 47' 16.44"" W",,"33 deg 43' 40.08"" N, 117 deg 47' 16.44"" W",33,43,40.08,33.7278,117,47,16.44,-116.2121
20190324_115058_SW.JPG,29.8 m Above Sea Level,Above Sea Level,,2019:03:24,2019:03:24 18:50:51Z,103.0906372,True North,,65 m,103.0906372,True North,"33 deg 43' 40.25"" N",North,"117 deg 47' 16.53"" W",West,"33 deg 43' 40.25"" N, 117 deg 47' 16.53"" W",33,43,40.25,33.72784722,117,47,16.53,-116.212075
20190324_115058_SW.MOV,29.8 m,Above Sea Level,"33 deg 43' 40.08"" N, 117 deg 47' 16.44"" W, 29.8 m Above Sea Level",,,,,,,,,"33 deg 43' 40.08"" N",,"117 deg 47' 16.44"" W",,"33 deg 43' 40.08"" N, 117 deg 47' 16.44"" W",33,43,40.08,33.7278,117,47,16.44,-116.2121
20190324_115104_SW.JPG,31 m Above Sea Level,Above Sea Level,,2019:03:24,2019:03:24 18:51:05Z,105.1153947,True North,,48 m,105.1153947,True North,"33 deg 43' 41.28"" N",North,"117 deg 47' 16.40"" W",West,"33 deg 43' 41.28"" N, 117 deg 47' 16.40"" W",33,43,41.28,33.72813333,117,47,16.4,-116.2121111
20190324_115104_SW.MOV,31.033 m,Above Sea Level,"33 deg 43' 41.16"" N, 117 deg 47' 16.44"" W, 31.033 m Above Sea Level",,,,,,,,,"33 deg 43' 41.16"" N",,"117 deg 47' 16.44"" W",,"33 deg 43' 41.16"" N, 117 deg 47' 16.44"" W",33,43,41.16,33.7281,117,47,16.44,-116.2121
20190324_121603_SW.JPG,30.7 m Above Sea Level,Above Sea Level,,2019:03:24,2019:03:24 19:16:03Z,102.2344207,True North,,12.00181242 m,282.2344207,True North,"33 deg 43' 41.15"" N",North,"117 deg 47' 17.14"" W",West,"33 deg 43' 41.15"" N, 117 deg 47' 17.14"" W",33,43,41.15,33.72809722,117,47,17.14,-116.2119056
20190324_121603_SW.MOV,30.752 m,Above Sea Level,"33 deg 43' 41.16"" N, 117 deg 47' 17.16"" W, 30.752 m Above Sea Level",,,,,,,,,"33 deg 43' 41.16"" N",,"117 deg 47' 17.16"" W",,"33 deg 43' 41.16"" N, 117 deg 47' 17.16"" W",33,43,41.16,33.7281,117,47,17.16,-116.2119
20190324_170058_IMG_JW.jpg,,,,,,,,,,,,,,,,,,,,,,,,
20190324_170058_SW.jpg,,,,,,,,,,,,,,,,,,,,,,,,
20190324_170100_IMG_JW.jpg,,,,,,,,,,,,,,,,,,,,,,,,
20190324_180354_IMG_JW.jpg,,,,,,,,,,,,,,,,,,,,,,,,
